City_ID,City,Country,Date,Lat,Lng,Max Temp,Humidity,Cloudiness,Wind Speed
0,Beringovskiy,RU,2021-10-31 00:20:16,63.05,179.3167,8.69,97,99,18.84
1,Aksarka,RU,2021-10-31 00:19:11,66.5606,67.7975,-3.98,92,15,5.21
2,San Luis,AR,2021-10-31 00:20:16,-33.295,-66.3356,78.49,41,40,21.85
3,Zhigansk,RU,2021-10-31 00:20:17,66.7697,123.3711,3.22,91,100,23.33
4,Tuktoyaktuk,CA,2021-10-31 00:20:16,69.4541,-133.0374,14.0,92,75,8.05
5,Kapaa,US,2021-10-31 00:20:17,22.0752,-159.319,82.38,79,90,5.75
6,Asyut,EG,2021-10-31 00:20:18,27.181,31.1837,81.1,33,100,13.4
7,Cape Town,ZA,2021-10-31 00:20:18,-33.9258,18.4232,62.1,84,0,1.01
8,Busselton,AU,2021-10-31 00:17:20,-33.65,115.3333,60.04,75,96,3.06
9,Altoona,US,2021-10-31 00:19:16,40.5187,-78.3947,54.32,95,100,0.36
10,Puerto Ayora,EC,2021-10-31 00:20:18,-0.7393,-90.3518,70.7,84,96,8.23
11,Barrow,US,2021-10-31 00:20:19,71.2906,-156.7887,17.62,79,90,3.44
12,Sechura,PE,2021-10-31 00:20:19,-5.5569,-80.8222,67.35,72,15,15.17
13,Berlevag,NO,2021-10-31 00:17:02,70.8578,29.0864,38.91,81,98,13.11
14,Kudahuvadhoo,MV,2021-10-31 00:20:19,2.6708,72.8944,82.92,72,25,17.25
15,Bluff,NZ,2021-10-31 00:18:32,-46.6,168.3333,49.8,86,96,29.68
16,Ipora,BR,2021-10-31 00:20:20,-16.4419,-51.1178,71.58,88,99,5.91
17,Nortelandia,BR,2021-10-31 00:20:20,-14.4547,-56.8028,79.39,61,48,2.98
18,Cardedeu,ES,2021-10-31 00:20:21,41.6398,2.3574,65.95,92,98,3.38
19,Kota Bahru,MY,2021-10-31 00:20:21,6.1333,102.2386,76.95,94,20,3.44
20,General Pico,AR,2021-10-31 00:20:21,-35.6566,-63.7568,68.7,42,83,23.02
21,Marienburg,PL,2021-10-31 00:20:22,54.0359,19.0266,51.46,75,74,13.0
22,Albany,US,2021-10-31 00:17:47,42.6001,-73.9662,56.75,93,96,2.48
23,Cherskiy,RU,2021-10-31 00:20:22,68.75,161.3,0.77,97,100,6.15
24,Leh,IN,2021-10-31 00:20:22,34.1667,77.5833,22.84,57,8,4.43
25,Zheleznodorozhnyy,RU,2021-10-31 00:20:23,55.7503,38.0042,43.21,83,13,8.12
26,Gao,ML,2021-10-31 00:20:23,16.6362,1.637,83.91,13,55,6.69
27,Pisco,PE,2021-10-31 00:19:04,-13.7,-76.2167,62.65,82,20,12.66
28,Kavieng,PG,2021-10-31 00:18:09,-2.5744,150.7967,84.24,73,75,13.0
29,Dingle,PH,2021-10-31 00:20:23,10.9995,122.6711,80.26,82,93,10.83
30,Olinda,BR,2021-10-31 00:20:24,-8.0089,-34.8553,80.33,65,40,10.36
31,Rikitea,PF,2021-10-31 00:20:24,-23.1203,-134.9692,75.09,87,86,21.25
32,Yellowknife,CA,2021-10-31 00:17:22,62.456,-114.3525,28.42,90,20,8.05
33,Ostrovnoy,RU,2021-10-31 00:20:24,68.0531,39.5131,34.66,97,100,4.59
34,Backo Gradiste,RS,2021-10-31 00:20:25,45.5328,20.0283,50.0,71,0,17.6
35,Nanzhang,CN,2021-10-31 00:20:25,31.7765,111.8386,62.22,59,100,2.8
36,Bilma,NE,2021-10-31 00:20:25,18.6853,12.9164,79.23,28,40,16.84
37,Sri Aman,MY,2021-10-31 00:20:26,1.2376,111.4621,78.85,89,20,0.0
38,Maracana,BR,2021-10-31 00:20:26,-0.7667,-47.45,74.12,98,40,2.42
39,Ushuaia,AR,2021-10-31 00:20:17,-54.8,-68.3,47.86,49,0,17.27
40,Peniche,PT,2021-10-31 00:20:26,39.3558,-9.3811,70.61,95,99,20.09
41,Lorengau,PG,2021-10-31 00:20:22,-2.0226,147.2712,83.25,78,94,7.14
42,Carnarvon,AU,2021-10-31 00:16:04,-24.8667,113.6333,75.27,46,0,14.97
43,Coloso,CO,2021-10-31 00:20:27,9.4915,-75.3615,74.71,91,100,3.0
44,Lakes Entrance,AU,2021-10-31 00:20:27,-37.8811,147.981,64.17,49,3,6.35
45,Hovd,MN,2021-10-31 00:20:28,48.0056,91.6419,34.84,45,99,5.86
46,Nikolskoye,RU,2021-10-31 00:17:06,59.7035,30.7861,46.02,93,93,7.36
47,Kui Buri,TH,2021-10-31 00:20:28,12.0828,99.8543,77.0,88,100,3.56
48,Butaritari,KI,2021-10-31 00:16:09,3.0707,172.7902,82.24,74,17,5.88
49,Padang,ID,2021-10-31 00:20:29,-0.9492,100.3543,75.25,89,100,2.53
50,Tigil,RU,2021-10-31 00:20:29,57.8,158.6667,29.43,97,100,3.51
51,Mataura,NZ,2021-10-31 00:20:26,-46.1927,168.8643,47.17,98,100,13.78
52,Mamallapuram,IN,2021-10-31 00:20:30,12.6264,80.1722,78.85,84,100,8.66
53,Sioux Lookout,CA,2021-10-31 00:20:30,50.1001,-91.917,39.58,87,90,13.8
54,Aklavik,CA,2021-10-31 00:20:30,68.2191,-135.0107,20.12,89,56,7.56
55,East London,ZA,2021-10-31 00:20:31,-33.0153,27.9116,63.43,82,73,5.7
56,Te Anau,NZ,2021-10-31 00:20:01,-45.4167,167.7167,50.47,87,100,4.61
57,Port Alfred,ZA,2021-10-31 00:15:41,-33.5906,26.891,66.06,79,86,3.49
58,Kirakira,SB,2021-10-31 00:16:44,-10.4544,161.9205,86.97,63,51,12.73
59,Ketchikan,US,2021-10-31 00:20:31,55.3422,-131.6461,45.09,84,73,4.59
60,El Ejido,ES,2021-10-31 00:20:31,36.7763,-2.8146,73.67,84,73,17.87
61,Acari,PE,2021-10-31 00:20:32,-15.4311,-74.6158,70.07,72,11,3.94
62,Eyl,SO,2021-10-31 00:20:32,7.9803,49.8164,77.23,80,88,9.46
63,Sao Filipe,CV,2021-10-31 00:20:32,14.8961,-24.4956,80.28,73,86,13.4
64,Punta Arenas,CL,2021-10-31 00:20:25,-53.15,-70.9167,48.31,53,0,13.8
65,Hasaki,JP,2021-10-31 00:20:25,35.7333,140.8333,61.29,67,86,9.55
66,Brumado,BR,2021-10-31 00:20:33,-14.2036,-41.6653,76.69,65,71,12.03
67,Haines Junction,CA,2021-10-31 00:20:31,60.7522,-137.5108,42.75,49,100,11.5
68,Laguna,US,2021-10-31 00:17:59,38.421,-121.4238,68.5,75,90,4.0
69,Saint Anthony,US,2021-10-31 00:20:34,45.0205,-93.218,54.72,72,1,0.0
70,Las Vegas,US,2021-10-31 00:16:02,36.175,-115.1372,82.18,25,1,9.22
71,Mahebourg,MU,2021-10-31 00:20:34,-20.4081,57.7,70.25,94,40,5.75
72,Jamestown,US,2021-10-31 00:20:34,42.097,-79.2353,52.02,97,90,1.99
73,Chicama,PE,2021-10-31 00:17:17,-7.8447,-79.1469,61.34,78,49,5.64
74,Clyde River,CA,2021-10-31 00:20:35,70.4692,-68.5914,30.56,97,100,14.67
75,Tiksi,RU,2021-10-31 00:19:07,71.6872,128.8694,3.56,91,98,9.51
76,Luoyang,CN,2021-10-31 00:20:35,34.6836,112.4536,60.58,58,100,3.47
77,Talnakh,RU,2021-10-31 00:20:35,69.4865,88.3972,11.64,96,100,4.79
78,La Paz,BO,2021-10-31 00:20:00,-16.5,-68.15,51.78,57,40,13.8
79,Hojslev,DK,2021-10-31 00:20:36,56.5857,9.1364,52.21,94,100,1.99
80,Arraial Do Cabo,BR,2021-10-31 00:20:36,-22.9661,-42.0278,70.9,87,100,17.81
81,Luderitz,NA,2021-10-31 00:18:21,-26.6481,15.1594,57.92,94,8,3.31
82,Iqaluit,CA,2021-10-31 00:17:02,63.7506,-68.5145,37.13,74,90,18.01
83,Victoria,HK,2021-10-31 00:16:44,22.2855,114.1577,76.32,83,87,1.01
84,Plerin,FR,2021-10-31 00:20:37,48.5425,-2.7798,54.19,87,99,11.01
85,Hermanus,ZA,2021-10-31 00:20:29,-34.4187,19.2345,60.91,89,42,8.55
86,Asau,RO,2021-10-31 00:20:38,46.4333,26.4,38.32,96,0,2.1
87,Teguldet,RU,2021-10-31 00:20:38,57.3064,88.1667,26.01,63,100,7.52
88,Angoche,MZ,2021-10-31 00:17:50,-16.2325,39.9086,72.54,81,2,7.99
89,Norman Wells,CA,2021-10-31 00:18:46,65.282,-126.8329,19.44,93,20,3.44
90,Sinjar,IQ,2021-10-31 00:20:38,36.3209,41.8754,64.47,60,96,17.16
91,Yar-Sale,RU,2021-10-31 00:20:39,66.8333,70.8333,6.84,89,86,16.22
92,Avarua,CK,2021-10-31 00:20:36,-21.2078,-159.775,78.85,53,94,13.8
93,Dikson,RU,2021-10-31 00:20:35,73.5069,80.5464,6.89,91,100,15.88
94,Katsuura,JP,2021-10-31 00:20:39,35.1333,140.3,64.11,75,100,4.32
95,Hobart,AU,2021-10-31 00:15:43,-42.8794,147.3294,59.25,55,75,5.01
96,Aleppo,SY,2021-10-31 00:20:40,36.25,37.5,62.91,64,57,16.08
97,Hilo,US,2021-10-31 00:19:20,19.7297,-155.09,82.13,75,40,9.22
98,Georgetown,MY,2021-10-31 00:20:39,5.4112,100.3354,78.89,89,40,5.75
99,Esperance,AU,2021-10-31 00:19:15,-33.8667,121.9,66.51,47,9,12.93
100,Gulbarga,IN,2021-10-31 00:20:41,17.3333,76.8333,70.0,78,40,7.99
101,Kutum,SD,2021-10-31 00:20:41,14.2,24.6667,73.06,21,23,8.93
102,Mackenzie,CA,2021-10-31 00:20:42,55.2999,-123.1698,34.02,64,1,2.3
103,Roura,GF,2021-10-31 00:20:42,4.7263,-52.3274,81.97,89,75,1.14
104,Cidreira,BR,2021-10-31 00:20:25,-30.1811,-50.2056,67.84,88,32,22.06
105,Cedar City,US,2021-10-31 00:15:48,37.6775,-113.0619,61.77,32,1,13.8
106,Waw,SS,2021-10-31 00:20:42,7.7029,27.9953,74.41,80,82,4.07
107,Pevek,RU,2021-10-31 00:20:43,69.7008,170.3133,-2.47,96,100,10.56
108,Salalah,OM,2021-10-31 00:20:43,17.0151,54.0924,78.89,57,0,4.61
109,Vaini,TO,2021-10-31 00:20:41,-21.2,-175.2,80.76,83,40,11.5
110,Ambon,ID,2021-10-31 00:20:43,-3.6954,128.1814,84.34,79,20,3.44
111,Khash,IR,2021-10-31 00:20:44,28.2211,61.2158,59.16,30,0,3.96
112,Airai,TL,2021-10-31 00:20:44,-8.9266,125.4092,70.86,68,27,1.72
113,Nhulunbuy,AU,2021-10-31 00:20:44,-12.2333,136.7667,90.21,58,40,10.36
114,Acapulco,MX,2021-10-31 00:20:45,16.8634,-99.8901,84.02,74,40,8.05
115,Havoysund,NO,2021-10-31 00:20:45,70.9963,24.6622,32.88,66,100,12.19
116,Faanui,PF,2021-10-31 00:16:02,-16.4833,-151.75,78.26,69,14,15.66
117,Calabozo,VE,2021-10-31 00:20:45,8.9242,-67.4293,75.45,89,76,2.62
118,Hirson,FR,2021-10-31 00:20:46,49.9226,4.0826,51.42,97,100,6.64
119,Berbera,SO,2021-10-31 00:20:46,10.4396,45.0143,81.9,72,4,11.97
120,Los Llanos De Aridane,ES,2021-10-31 00:20:46,28.6585,-17.9182,64.15,67,0,5.01
121,Road Town,VG,2021-10-31 00:20:47,18.4167,-64.6167,80.69,74,40,5.75
122,Imeni Poliny Osipenko,RU,2021-10-31 00:20:47,52.4201,136.4853,27.86,59,9,1.66
123,Tigzirt,DZ,2021-10-31 00:20:47,36.8886,4.1198,71.4,46,84,8.12
124,Saint-Philippe,RE,2021-10-31 00:20:33,-21.3585,55.7679,69.39,80,69,2.59
125,Salinopolis,BR,2021-10-31 00:19:50,-0.6136,-47.3561,78.8,86,24,8.81
126,Coahuayana,MX,2021-10-31 00:20:48,18.7333,-103.6833,80.82,81,11,3.29
127,Codrington,AU,2021-10-31 00:20:48,-38.2667,141.9667,58.01,65,2,7.47
128,Port Lincoln,AU,2021-10-31 00:16:50,-34.7333,135.8667,62.35,55,0,11.72
129,Kommunisticheskiy,RU,2021-10-31 00:20:49,61.6789,64.4819,11.88,98,81,1.57
130,San Rafael Del Sur,NI,2021-10-31 00:20:49,11.8485,-86.4384,76.17,90,87,3.76
131,Marystown,CA,2021-10-31 00:20:49,47.1666,-55.1483,40.86,100,0,6.73
132,Atuona,PF,2021-10-31 00:20:40,-9.8,-139.0333,78.21,67,4,11.61
133,Marawi,PH,2021-10-31 00:20:50,7.9986,124.2928,71.65,88,60,2.06
134,Porto Novo,BJ,2021-10-31 00:20:50,6.4965,2.6036,82.22,86,100,7.34
135,Nelson Bay,AU,2021-10-31 00:17:52,-32.7167,152.15,69.1,53,92,4.0
136,Nishihara,JP,2021-10-31 00:20:50,26.1842,127.7558,78.08,69,20,5.75
137,Kamenka,RU,2021-10-31 00:20:51,51.3223,42.7678,39.88,79,6,6.42
138,Qaanaaq,GL,2021-10-31 00:20:51,77.484,-69.3632,2.34,53,0,8.43
139,Manavalakurichi,IN,2021-10-31 00:20:51,8.1333,77.3,78.89,92,100,5.3
140,Hamada,JP,2021-10-31 00:20:52,34.8833,132.0833,59.72,76,73,1.66
141,Sorland,NO,2021-10-31 00:20:52,67.667,12.6934,48.85,89,100,17.56
142,Pemangkat,ID,2021-10-31 00:20:52,1.1667,108.9667,80.11,84,50,3.76
143,Shar,KZ,2021-10-31 00:20:53,49.5886,81.0453,36.59,58,100,8.9
144,Henties Bay,NA,2021-10-31 00:20:53,-22.116,14.2845,55.85,92,0,3.85
145,Pokrovsk,UA,2021-10-31 00:20:53,48.282,37.1758,41.0,73,0,7.29
146,Chuy,UY,2021-10-31 00:20:04,-33.6971,-53.4616,64.85,89,45,11.79
147,Souillac,MU,2021-10-31 00:20:54,-20.5167,57.5167,70.36,94,40,5.75
148,Narsaq,GL,2021-10-31 00:19:33,60.9167,-46.05,26.82,72,96,5.23
149,Gimli,CA,2021-10-31 00:20:54,50.6336,-96.9907,42.82,52,7,9.22
150,Stettler,CA,2021-10-31 00:20:54,52.3168,-112.7186,31.75,47,0,8.05
151,Bengkulu,ID,2021-10-31 00:15:54,-3.8004,102.2655,77.32,89,100,5.53
152,Chokurdakh,RU,2021-10-31 00:19:35,70.6333,147.9167,1.67,97,99,6.6
153,Chiang Rai,TH,2021-10-31 00:20:55,19.9167,99.9167,75.18,94,75,0.0
154,Thompson,CA,2021-10-31 00:20:55,55.7435,-97.8558,35.76,87,90,8.05
155,Sobolevo,RU,2021-10-31 00:20:56,54.4299,31.8996,40.75,86,27,9.73
156,Fortuna,US,2021-10-31 00:20:56,40.5982,-124.1573,64.92,69,1,3.0
157,Titiribi,CO,2021-10-31 00:20:56,6.0628,-75.7937,67.86,98,91,1.12
158,Wuwei,CN,2021-10-31 00:20:56,37.9281,102.6414,38.52,45,3,1.16
159,Saldanha,ZA,2021-10-31 00:20:52,-33.0117,17.9442,57.25,84,35,8.75
160,Amuntai,ID,2021-10-31 00:18:23,-2.4177,115.2494,77.81,85,91,1.99
161,Tautira,PF,2021-10-31 00:19:20,-17.7333,-149.15,82.42,74,39,17.16
162,Richards Bay,ZA,2021-10-31 00:19:54,-28.783,32.0377,61.72,84,42,6.87
163,Upernavik,GL,2021-10-31 00:20:40,72.7868,-56.1549,27.82,65,100,11.54
164,Port Hueneme,US,2021-10-31 00:20:57,34.1478,-119.1951,79.43,85,90,8.05
165,Mangai,CD,2021-10-31 00:20:58,-4.05,19.5333,69.3,99,75,0.16
166,Birecik,TR,2021-10-31 00:20:58,37.0294,37.9903,61.81,76,86,14.32
167,Harper,LR,2021-10-31 00:20:58,4.375,-7.7169,77.25,87,93,4.92
168,Cap Malheureux,MU,2021-10-31 00:20:59,-19.9842,57.6142,70.47,84,3,1.99
169,Buala,SB,2021-10-31 00:20:59,-8.145,159.5921,85.15,71,92,9.95
170,Lixourion,GR,2021-10-31 00:20:59,38.2019,20.4314,60.55,72,9,8.34
171,Bredasdorp,ZA,2021-10-31 00:20:37,-34.5322,20.0403,59.29,88,48,2.3
172,Jinka,ET,2021-10-31 00:21:00,5.65,36.65,66.4,48,62,3.47
173,Isiro,CD,2021-10-31 00:21:00,2.7739,27.616,65.79,98,100,2.42
174,Kodiak,US,2021-10-31 00:20:54,57.79,-152.4072,47.71,81,90,34.52
175,Piney Green,US,2021-10-31 00:21:00,34.716,-77.3202,60.89,79,1,4.61
176,Namibe,AO,2021-10-31 00:17:28,-15.1961,12.1522,65.66,79,56,4.54
177,Singarayakonda,IN,2021-10-31 00:21:01,15.25,80.0333,78.62,85,100,6.91
178,Verkhnevilyuysk,RU,2021-10-31 00:21:01,63.4453,120.3167,21.65,94,100,8.43
179,Northam,GB,2021-10-31 00:21:02,51.0333,-4.2167,56.43,91,72,22.37
180,Ponta Do Sol,PT,2021-10-31 00:21:02,32.6667,-17.1,71.71,75,38,6.33
181,Plyussa,RU,2021-10-31 00:21:03,58.4308,29.3654,46.04,87,86,7.9
182,Fort Dodge,US,2021-10-31 00:20:46,42.4975,-94.168,55.49,66,1,0.0
183,Hofn,IS,2021-10-31 00:21:03,64.2539,-15.2082,43.5,68,100,15.9
184,Andenes,NO,2021-10-31 00:21:03,69.3143,16.1194,42.78,93,100,12.66
185,Dicabisagan,PH,2021-10-31 00:21:04,17.0818,122.4157,79.84,76,79,5.68
186,Cabo San Lucas,MX,2021-10-31 00:20:51,22.8909,-109.9124,84.61,72,20,8.99
187,Port Elizabeth,ZA,2021-10-31 00:18:46,-33.918,25.5701,61.09,94,20,3.44
188,Geraldton,AU,2021-10-31 00:19:26,-28.7667,114.6,64.81,55,0,9.22
189,Nuuk,GL,2021-10-31 00:20:53,64.1835,-51.7216,36.21,87,75,35.68
190,Altay,CN,2021-10-31 00:21:04,47.8667,88.1167,38.07,68,100,2.82
191,Nouadhibou,MR,2021-10-31 00:21:04,20.931,-17.0347,69.78,78,15,10.36
192,Kiunga,PG,2021-10-31 00:21:05,-6.1219,141.2906,87.1,64,60,0.36
193,Lebu,CL,2021-10-31 00:21:05,-37.6167,-73.65,51.87,86,100,12.71
194,Lincoln,US,2021-10-31 00:16:23,40.8,-96.667,60.24,60,1,1.01
195,Mitchell,US,2021-10-31 00:21:06,43.7094,-98.0298,47.1,73,90,1.99
196,Phan Thiet,VN,2021-10-31 00:21:06,10.9333,108.1,77.85,84,72,5.5
197,Killarney,IE,2021-10-31 00:19:33,52.05,-9.5167,49.53,93,100,10.71
198,Bambous Virieux,MU,2021-10-31 00:16:41,-20.3428,57.7575,70.21,94,40,5.75
199,Ixtapa,MX,2021-10-31 00:21:06,20.7,-105.2,84.22,83,35,1.01
200,New Norfolk,AU,2021-10-31 00:16:03,-42.7826,147.0587,58.91,51,93,4.0
201,Tiffin,US,2021-10-31 00:21:07,41.1145,-83.178,53.1,95,100,1.01
202,Kaoma,ZM,2021-10-31 00:21:07,-14.7833,24.8,70.18,56,82,2.53
203,Port Hedland,AU,2021-10-31 00:21:08,-20.3167,118.5667,80.65,57,0,8.05
204,Orumiyeh,IR,2021-10-31 00:21:08,37.5527,45.0761,47.75,100,75,0.0
205,Torbay,CA,2021-10-31 00:21:08,47.6666,-52.7314,39.27,79,1,3.44
206,Kyshtovka,RU,2021-10-31 00:21:09,56.555,76.6271,25.56,94,100,6.53
207,Hithadhoo,MV,2021-10-31 00:20:32,-0.6,73.0833,82.78,76,100,20.38
208,Huilong,CN,2021-10-31 00:21:09,31.8111,121.655,68.04,70,44,4.18
209,Lingyuan,CN,2021-10-31 00:21:10,41.24,119.4011,39.56,82,100,11.16
210,Lavrentiya,RU,2021-10-31 00:21:05,65.5833,-171.0,14.14,80,26,6.93
211,Saskylakh,RU,2021-10-31 00:20:54,71.9167,114.0833,12.31,93,100,12.06
212,Bathsheba,BB,2021-10-31 00:21:09,13.2167,-59.5167,81.21,74,40,17.27
213,Annan,GB,2021-10-31 00:21:10,54.9884,-3.2565,49.78,88,57,6.31
214,Ayagoz,KZ,2021-10-31 00:21:10,47.9714,80.4392,38.32,86,100,13.56
215,High Level,CA,2021-10-31 00:21:11,58.5169,-117.136,35.71,55,1,3.44
216,Guerrero Negro,MX,2021-10-31 00:17:33,27.9769,-114.0611,70.75,64,0,13.09
217,Santa Cruz,BO,2021-10-31 00:20:26,-17.8,-63.1667,80.06,69,68,2.3
218,Mount Isa,AU,2021-10-31 00:20:34,-20.7333,139.5,85.77,19,90,13.8
219,Ilulissat,GL,2021-10-31 00:17:36,69.2167,-51.1,35.62,80,75,19.57
220,Farah,AF,2021-10-31 00:21:11,32.5,62.5,57.92,22,0,3.31
221,Sovetskiy,RU,2021-10-31 00:19:13,61.3614,63.5842,13.5,99,73,1.77
222,Zholymbet,KZ,2021-10-31 00:21:12,51.7433,71.7122,35.71,96,100,24.32
223,Pasighat,IN,2021-10-31 00:21:12,28.0667,95.3333,65.53,63,32,4.09
224,Uni,RU,2021-10-31 00:21:13,57.7535,51.4923,38.17,98,100,7.25
225,Jashpurnagar,IN,2021-10-31 00:21:13,22.9,84.15,59.18,69,67,4.94
226,Boyolangu,ID,2021-10-31 00:21:13,-8.1181,111.8935,79.9,81,100,2.77
227,Tuatapere,NZ,2021-10-31 00:19:51,-46.1333,167.6833,47.32,93,100,16.89
228,Atyrau,KZ,2021-10-31 00:21:14,47.1167,51.8833,32.02,93,5,2.24
229,Burnie,AU,2021-10-31 00:20:57,-41.0667,145.9167,58.95,56,99,12.37
230,Khuzdar,PK,2021-10-31 00:21:14,27.7384,66.6434,59.13,26,0,6.2
231,Roald,NO,2021-10-31 00:21:14,62.5833,6.1333,55.54,54,90,12.66
232,El Silencio,VE,2021-10-31 00:21:15,10.5,-66.9167,72.34,85,100,2.3
233,Yumen,CN,2021-10-31 00:21:15,40.2833,97.2,36.16,49,72,5.61
234,Dunmore Town,BS,2021-10-31 00:20:47,25.5,-76.65,81.5,65,76,18.79
235,Rongcheng,CN,2021-10-31 00:21:15,30.634,117.8517,60.55,69,75,3.44
236,Normandin,CA,2021-10-31 00:21:16,48.8333,-72.5321,41.13,87,88,0.0
237,Mokhotlong,LS,2021-10-31 00:21:16,-29.2894,29.0675,44.19,63,0,3.29
238,Dok Kham Tai,TH,2021-10-31 00:21:16,19.1624,99.9934,69.31,99,63,0.83
239,Castro,BR,2021-10-31 00:19:52,-24.7911,-50.0119,60.17,96,91,9.19
240,Turkistan,KZ,2021-10-31 00:21:17,43.0,68.0,45.91,47,100,7.2
241,Mar Del Plata,AR,2021-10-31 00:19:35,-38.0023,-57.5575,58.08,89,75,1.01
242,Voghera,IT,2021-10-31 00:21:17,44.9947,9.0086,54.75,90,100,4.07
243,Hualmay,PE,2021-10-31 00:19:12,-11.0964,-77.6139,63.81,81,86,7.63
244,Inhambane,MZ,2021-10-31 00:21:18,-23.865,35.3833,69.78,76,3,5.66
245,High Prairie,CA,2021-10-31 00:21:18,55.4334,-116.4858,33.19,42,0,5.7
246,Coquimbo,CL,2021-10-31 00:16:47,-29.9533,-71.3436,55.13,94,20,9.22
247,Karakol,KG,2021-10-31 00:21:18,42.4907,78.3936,30.43,52,53,7.49
248,Flic En Flac,MU,2021-10-31 00:21:19,-20.2742,57.3631,70.52,77,18,4.38
249,Moose Factory,CA,2021-10-31 00:21:19,51.2585,-80.6094,41.0,93,90,2.3
250,Morant Bay,JM,2021-10-31 00:21:19,17.8815,-76.4093,82.02,85,51,5.82
251,Kloulklubed,PW,2021-10-31 00:21:20,7.0419,134.2556,77.5,76,100,14.83
252,Kismayo,SO,2021-10-31 00:21:20,-0.3582,42.5454,78.48,83,24,10.89
253,Casa Nova,BR,2021-10-31 00:21:20,-9.4167,-41.1333,82.38,34,38,5.84
254,Grand Gaube,MU,2021-10-31 00:21:21,-20.0064,57.6608,70.38,84,4,1.99
255,Cam Ranh,VN,2021-10-31 00:21:21,11.9214,109.1591,75.16,100,75,3.44
256,Douentza,ML,2021-10-31 00:21:18,14.9951,-2.9517,89.04,26,96,1.41
257,Brasilia,BR,2021-10-31 00:18:35,-15.7797,-47.9297,65.32,94,75,5.75
258,Yanam,IN,2021-10-31 00:21:21,16.7333,82.2167,76.66,91,100,4.41
259,Gandajika,CD,2021-10-31 00:21:22,-6.75,23.95,67.39,93,90,2.04
260,Inzer,RU,2021-10-31 00:21:22,54.2167,57.5556,39.13,99,100,4.03
261,Presidente Medici,BR,2021-10-31 00:21:22,-11.1753,-61.9014,78.78,70,83,1.57
262,Gravdal,NO,2021-10-31 00:21:23,68.1214,13.5031,47.79,93,100,16.26
263,Hay River,CA,2021-10-31 00:20:37,60.8156,-115.7999,33.78,75,75,6.91
264,Lompoc,US,2021-10-31 00:21:23,34.6391,-120.4579,71.13,90,75,11.5
265,Almaznyy,RU,2021-10-31 00:21:23,48.0448,40.045,33.94,75,0,4.9
266,Faya,SA,2021-10-31 00:21:24,18.3851,42.4509,57.31,54,0,5.68
267,Kautokeino,NO,2021-10-31 00:21:24,69.0125,23.0412,24.42,96,100,6.17
268,Babushkin,RU,2021-10-31 00:21:24,51.7122,105.8647,33.8,69,96,5.66
269,Tilichiki,RU,2021-10-31 00:21:25,60.4667,166.1,5.7,89,12,9.19
270,Puerto Penasco,MX,2021-10-31 00:20:37,31.3167,-113.5333,76.91,76,0,1.99
271,Tieli,CN,2021-10-31 00:21:25,46.95,128.05,35.76,37,98,5.44
272,Quatre Cocos,MU,2021-10-31 00:21:26,-20.2078,57.7625,70.09,80,26,6.67
273,Raudeberg,NO,2021-10-31 00:21:26,61.9875,5.1352,54.27,73,100,5.01
274,Saint George,US,2021-10-31 00:21:13,37.1041,-113.5841,77.47,32,1,1.01
275,Serenje,ZM,2021-10-31 00:21:26,-13.2325,30.2352,65.07,43,26,2.06
276,Kamien Pomorski,PL,2021-10-31 00:21:27,53.9685,14.7726,49.5,64,100,14.7
277,Maneromango,TZ,2021-10-31 00:21:27,-7.1988,38.7848,68.38,98,23,3.27
278,Oktyabrskiy,RU,2021-10-31 00:21:27,54.4815,53.471,44.24,95,100,7.27
279,Hohhot,CN,2021-10-31 00:21:28,40.8106,111.6522,28.69,69,0,4.47
280,Barceloneta,PR,2021-10-31 00:21:28,18.4505,-66.5385,82.06,81,54,5.73
281,Thinadhoo,MV,2021-10-31 00:20:46,0.5333,72.9333,82.89,76,68,20.07
282,Dongsheng,CN,2021-10-31 00:21:28,39.8161,109.9776,29.57,57,0,7.4
283,Uray,RU,2021-10-31 00:21:29,60.1247,64.7758,15.53,97,73,4.07
284,Honolulu,US,2021-10-31 00:18:07,21.3069,-157.8583,84.88,60,40,10.36
285,Conde,BR,2021-10-31 00:21:29,-7.2597,-34.9075,78.26,73,20,10.36
286,Muhos,FI,2021-10-31 00:21:29,64.808,25.9931,44.38,91,89,9.13
287,Touros,BR,2021-10-31 00:20:53,-5.1989,-35.4608,79.7,79,55,14.36
288,Honiara,SB,2021-10-31 00:21:30,-9.4333,159.95,88.21,62,62,8.34
289,Duluth,US,2021-10-31 00:21:30,46.7833,-92.1066,49.32,81,90,6.91
290,Ler,SS,2021-10-31 00:21:30,8.3018,30.1418,72.34,78,58,3.47
291,Pingliang,CN,2021-10-31 00:21:31,35.5392,106.6861,46.08,48,100,5.19
292,Alyangula,AU,2021-10-31 00:21:29,-13.8483,136.4192,86.65,63,81,3.78
293,Ribeira Grande,PT,2021-10-31 00:19:37,38.5167,-28.7,71.22,87,100,17.94
294,Genhe,CN,2021-10-31 00:21:31,50.7833,121.5167,24.31,48,2,1.63
295,Benghazi,LY,2021-10-31 00:21:31,32.1167,20.0667,71.74,70,74,23.87
296,Japura,ID,2021-10-31 00:21:32,-0.3167,102.35,76.19,93,20,1.03
297,Birnin Kebbi,NG,2021-10-31 00:21:32,12.4539,4.1975,79.83,22,35,2.42
298,Emerald,AU,2021-10-31 00:21:32,-23.5333,148.1667,91.98,100,31,17.09
299,Juneau,US,2021-10-31 00:21:33,58.3019,-134.4197,44.98,82,75,6.91
300,Takaka,NZ,2021-10-31 00:21:33,-40.85,172.8,63.55,51,13,14.34
301,Wajima,JP,2021-10-31 00:21:33,37.4,136.9,61.48,88,75,1.14
302,Aktau,KZ,2021-10-31 00:21:34,43.65,51.2,36.18,81,0,5.26
303,Pau Brasil,BR,2021-10-31 00:21:34,-15.4642,-39.6511,68.74,98,78,3.02
304,Burgersdorp,ZA,2021-10-31 00:21:34,-30.9977,26.3286,53.62,66,0,4.74
305,Pangkalanbuun,ID,2021-10-31 00:21:35,-2.6833,111.6167,79.88,80,90,3.0
306,Tasiilaq,GL,2021-10-31 00:21:07,65.6145,-37.6368,24.96,65,94,4.5
307,Avera,US,2021-10-31 00:21:06,33.194,-82.5271,59.68,84,100,11.48
308,Anuchino,RU,2021-10-31 00:21:35,43.9622,133.0544,46.54,75,98,2.73
309,Khatanga,RU,2021-10-31 00:19:30,71.9667,102.5,1.31,97,86,0.45
310,Portland,US,2021-10-31 00:20:46,45.5234,-122.6762,60.84,37,20,1.99
311,Wilmington,US,2021-10-31 00:19:52,34.2257,-77.9447,59.86,70,1,8.05
312,Alta Floresta,BR,2021-10-31 00:21:36,-9.8756,-56.0861,76.57,74,62,5.44
313,Boca Do Acre,BR,2021-10-31 00:21:36,-8.7522,-67.3978,81.21,62,80,3.2
314,Sajanan,TN,2021-10-31 00:21:36,37.0573,9.2426,64.67,60,100,5.39
315,College,US,2021-10-31 00:21:10,64.8569,-147.8028,43.12,56,75,6.91
316,Bolotnoye,RU,2021-10-31 00:21:37,55.6717,84.3981,25.83,60,100,9.69
317,Sioux Falls,US,2021-10-31 00:19:58,43.55,-96.7003,49.98,77,90,13.8
318,Batagay-Alyta,RU,2021-10-31 00:19:53,67.8006,130.4114,-14.71,87,36,3.96
319,Saucillo,MX,2021-10-31 00:21:37,28.0167,-105.2833,77.14,16,0,5.68
320,Cap-Aux-Meules,CA,2021-10-31 00:21:26,47.3821,-61.8597,48.25,93,20,9.22
321,Atar,MR,2021-10-31 00:20:51,20.5169,-13.0499,82.08,25,100,2.98
322,Longyearbyen,SJ,2021-10-31 00:20:10,78.2186,15.6401,21.04,79,20,2.3
323,Bad Soden-Salmunster,DE,2021-10-31 00:21:38,50.2757,9.3671,54.23,90,99,4.88
324,Wanning,CN,2021-10-31 00:20:27,18.8003,110.3967,76.86,87,94,7.02
325,Kibala,TD,2021-10-31 00:21:38,9.1104,18.3463,78.75,83,0,0.0
326,Saint-Michel-Des-Saints,CA,2021-10-31 00:21:39,46.6834,-73.9159,42.94,97,99,9.53
327,Dubbo,AU,2021-10-31 00:21:39,-32.25,148.6167,66.33,42,0,10.36
328,Ilam,NP,2021-10-31 00:21:39,26.9167,87.9167,57.06,84,54,3.09
329,Valparaiso,CL,2021-10-31 00:17:38,-33.0393,-71.6273,55.04,87,75,6.91
330,Margate,GB,2021-10-31 00:20:12,51.3813,1.3862,50.92,84,86,1.01
331,Wuchang,CN,2021-10-31 00:21:40,44.9143,127.15,42.82,65,100,3.69
332,Maniitsoq,GL,2021-10-31 00:20:28,65.4167,-52.9,35.51,97,100,17.22
333,Manaus,BR,2021-10-31 00:21:40,-3.1019,-60.025,82.9,83,40,1.14
334,Necochea,AR,2021-10-31 00:21:40,-38.5473,-58.7368,54.03,80,100,15.05
335,Rapid City,US,2021-10-31 00:21:41,44.0805,-103.231,43.09,75,90,7.0
336,Santa Luzia,BR,2021-10-31 00:19:16,-19.7697,-43.8514,74.48,66,0,10.36
337,Hami,CN,2021-10-31 00:21:41,42.8,93.45,49.53,44,100,2.46
338,Vila Franca Do Campo,PT,2021-10-31 00:21:41,37.7167,-25.4333,74.19,94,100,14.05
339,Kidal,ML,2021-10-31 00:21:42,18.4411,1.4078,85.57,12,39,10.04
340,Albox,ES,2021-10-31 00:21:42,37.3886,-2.1495,70.18,67,90,9.51
341,Saint-Denis,FR,2021-10-31 00:21:43,48.9167,2.3333,52.57,92,20,4.61
342,Guanica,PR,2021-10-31 00:21:43,17.9716,-66.908,80.06,80,5,7.09
343,Havelock,US,2021-10-31 00:21:43,34.8791,-76.9013,60.93,81,48,5.01
344,Siyabuswa,ZA,2021-10-31 00:21:44,-25.1132,29.0445,66.99,33,0,7.74
345,Eureka,US,2021-10-31 00:21:44,40.8021,-124.1637,65.19,92,51,5.01
346,Kysyl-Syr,RU,2021-10-31 00:21:44,63.8986,122.7617,14.02,84,98,11.36
347,Onitsha,NG,2021-10-31 00:21:45,6.1454,6.7885,75.45,96,98,3.89
348,Port Hardy,CA,2021-10-31 00:21:45,50.6996,-127.4199,48.2,66,20,2.3
349,Liwonde,MW,2021-10-31 00:21:45,-15.0506,35.2035,74.75,37,0,3.42
350,Kampot,KH,2021-10-31 00:21:45,10.6167,104.1833,82.45,86,73,4.0
351,Constitucion,CL,2021-10-31 00:20:49,-35.3333,-72.4167,55.56,83,100,11.05
352,Ahuimanu,US,2021-10-31 00:21:46,21.4447,-157.8378,84.78,61,40,10.36
353,Kaitangata,NZ,2021-10-31 00:21:14,-46.2817,169.8464,50.31,88,99,18.41
354,Provideniya,RU,2021-10-31 00:18:31,64.3833,-173.3,15.33,72,89,9.4
355,Sumbe,AO,2021-10-31 00:21:46,-11.2061,13.8437,75.07,85,100,6.51
356,Akdepe,TM,2021-10-31 00:21:47,42.0551,59.3788,35.69,55,2,5.7
357,Pallasovka,RU,2021-10-31 00:21:47,50.05,46.8833,41.0,74,3,7.49
358,Nanyamba,TZ,2021-10-31 00:21:47,-10.6833,39.8333,67.5,98,17,2.06
359,Drumheller,CA,2021-10-31 00:21:48,51.4617,-112.7101,38.53,35,0,5.75
360,Bethel,US,2021-10-31 00:20:50,41.3712,-73.414,57.76,92,90,3.44
361,Eirunepe,BR,2021-10-31 00:21:48,-6.6603,-69.8736,78.98,73,76,1.14
362,Mount Gambier,AU,2021-10-31 00:19:37,-37.8333,140.7667,58.87,51,9,6.38
363,Pirojpur,BD,2021-10-31 00:21:49,22.5667,89.9833,70.25,83,65,4.7
364,Axim,GH,2021-10-31 00:21:28,4.8699,-2.2405,78.46,86,82,8.55
365,Mehamn,NO,2021-10-31 00:20:21,71.0357,27.8492,38.3,81,94,12.57
366,Sao Gabriel,BR,2021-10-31 00:21:49,-30.3364,-54.32,70.72,82,26,8.57
367,Nalut,LY,2021-10-31 00:21:49,30.3333,10.85,66.43,39,19,4.34
368,Balykshi,KZ,2021-10-31 00:21:40,47.0667,51.8667,32.0,93,4,2.24
369,Mormugao,IN,2021-10-31 00:21:50,15.4,73.8,79.38,75,99,4.54
370,Dudinka,RU,2021-10-31 00:21:50,69.4058,86.1778,8.51,96,100,4.81
371,Voh,NC,2021-10-31 00:21:50,-20.9667,164.7,83.86,49,1,6.53
372,Moree,AU,2021-10-31 00:21:13,-29.4667,149.85,75.22,35,0,5.75
373,Benguela,AO,2021-10-31 00:21:51,-12.5763,13.4055,74.66,77,100,4.0
374,Manitouwadge,CA,2021-10-31 00:21:51,49.1215,-85.8403,38.12,69,87,2.71
375,Sharkan,RU,2021-10-31 00:21:51,57.2989,53.8712,43.16,99,100,5.59
376,Morondava,MG,2021-10-31 00:21:52,-20.2833,44.2833,75.25,70,82,5.55
377,Kamaishi,JP,2021-10-31 00:21:52,39.2667,141.8833,49.15,71,100,5.39
378,Manakara,MG,2021-10-31 00:21:52,-22.1333,48.0167,69.75,89,87,3.69
379,Kapit,MY,2021-10-31 00:21:53,2.0167,112.9333,77.31,93,92,1.21
380,Maltahohe,NA,2021-10-31 00:21:53,-24.8333,16.9833,61.81,31,0,7.58
381,Lengshuitan,CN,2021-10-31 00:21:53,26.4111,111.5956,60.98,96,99,4.16
382,Saint-Pierre,RE,2021-10-31 00:20:48,-21.3393,55.4781,69.48,72,0,8.05
383,Nola,IT,2021-10-31 00:21:54,40.922,14.5329,62.58,85,64,1.39
384,Adelaide,AU,2021-10-31 00:20:28,-34.9333,138.6,68.22,43,0,3.0
385,Dauriya,RU,2021-10-31 00:21:54,49.9333,116.8667,20.46,54,3,2.35
386,Bako,ET,2021-10-31 00:21:54,5.7833,36.5667,66.76,46,61,4.32
387,Isangel,VU,2021-10-31 00:20:59,-19.55,169.2667,84.31,65,40,5.75
388,Puerto Leguizamo,CO,2021-10-31 00:21:55,-0.1934,-74.7819,73.49,96,99,1.1
389,Kamariotissa,GR,2021-10-31 00:21:55,40.4833,25.4667,59.05,73,1,22.88
390,Dzilam Gonzalez,MX,2021-10-31 00:21:55,21.2833,-88.9333,72.14,67,9,5.08
391,Shache,CN,2021-10-31 00:21:56,38.4167,77.2406,44.38,37,0,2.39
392,Teshie,GH,2021-10-31 00:21:56,5.5836,-0.1072,80.26,84,98,11.41
393,Buenos Aires,AR,2021-10-31 00:20:49,-34.6132,-58.3772,78.98,83,0,12.66
394,Shenzhen,CN,2021-10-31 00:21:56,22.5455,114.0683,76.21,91,89,3.85
395,Mosalsk,RU,2021-10-31 00:20:14,54.4881,34.9817,40.8,87,15,8.25
396,North Bend,US,2021-10-31 00:19:05,43.4065,-124.2243,59.92,97,90,5.75
397,Redcliffe,AU,2021-10-31 00:21:57,-27.2307,153.0973,76.14,65,75,16.11
398,Domna,RU,2021-10-31 00:21:57,51.8971,113.1573,8.76,85,25,0.0
399,Atlantic City,US,2021-10-31 00:20:50,39.3643,-74.4229,62.98,89,90,0.0
400,Garoua,CM,2021-10-31 00:21:58,9.3,13.4,80.28,59,86,2.48
401,Tripoli,LY,2021-10-31 00:21:58,32.8752,13.1875,71.24,63,89,1.36
402,Mulchen,CL,2021-10-31 00:21:58,-37.7167,-72.2333,66.38,56,100,3.58
403,Bridlington,GB,2021-10-31 00:21:59,54.0831,-0.1919,46.89,87,51,14.94
404,Havre,FR,2021-10-31 00:21:59,49.5833,0.3333,51.57,82,0,8.05
405,Kruisfontein,ZA,2021-10-31 00:21:08,-34.0033,24.7314,56.48,93,4,4.21
406,Jardim De Piranhas,BR,2021-10-31 00:19:43,-6.3786,-37.3519,83.39,52,68,16.91
407,Mossendjo,CG,2021-10-31 00:22:00,-2.9506,12.7261,70.25,99,99,3.67
408,Bac Lieu,VN,2021-10-31 00:22:00,9.285,105.7244,81.07,84,85,12.01
409,Waipawa,NZ,2021-10-31 00:22:00,-41.4122,175.5153,61.43,51,4,18.9
410,Gorontalo,ID,2021-10-31 00:22:01,0.5412,123.0595,82.65,75,87,1.32
411,Zajecar,RS,2021-10-31 00:22:01,43.9036,22.2641,40.05,95,3,4.47
412,Ouargaye,BF,2021-10-31 00:22:01,11.5033,0.0572,83.66,28,30,5.7
413,Vestmannaeyjar,IS,2021-10-31 00:20:37,63.4427,-20.2734,43.92,78,85,3.78
414,Den Helder,NL,2021-10-31 00:22:02,52.9599,4.7593,53.98,83,75,7.0
415,Tura,IN,2021-10-31 00:20:39,25.5198,90.2201,62.02,62,0,2.08
416,Severo-Kurilsk,RU,2021-10-31 00:20:43,50.6789,156.125,41.9,79,88,14.7
417,La Asuncion,VE,2021-10-31 00:18:31,11.0333,-63.8628,78.42,85,88,11.25
418,Saint-Augustin,CA,2021-10-31 00:22:03,51.226,-58.6502,44.2,60,24,4.47
419,Cayenne,GF,2021-10-31 00:18:46,4.9333,-52.3333,82.09,80,75,1.99
420,Blackfoot,US,2021-10-31 00:22:03,43.1905,-112.345,58.01,57,29,3.15
421,Westport,US,2021-10-31 00:20:07,41.1415,-73.3579,59.2,95,90,3.0
422,Puerto Del Rosario,ES,2021-10-31 00:22:04,28.5004,-13.8627,69.55,83,0,11.5
423,San Patricio,US,2021-10-31 00:21:21,28.017,-97.5169,75.29,30,0,8.32
424,Padilla,CO,2021-10-31 00:22:04,3.2204,-76.3139,74.77,93,86,1.88
425,Cuamba,MZ,2021-10-31 00:22:04,-14.8031,36.5372,73.09,48,0,2.1
426,Hervey Bay,AU,2021-10-31 00:17:44,-25.2986,152.8535,85.03,69,89,17.63
427,Davila,PH,2021-10-31 00:22:05,18.4726,120.5763,80.49,69,6,13.47
428,Macau,MO,2021-10-31 00:22:05,22.2006,113.5461,76.06,83,40,11.5
429,Hamilton,US,2021-10-31 00:21:18,39.1834,-84.5333,54.57,94,90,1.99
430,Pangody,RU,2021-10-31 00:22:06,65.85,74.4859,12.16,93,100,16.15
431,Imbituba,BR,2021-10-31 00:22:06,-28.24,-48.6703,69.69,94,100,11.43
432,Fare,PF,2021-10-31 00:22:06,-16.7,-151.0167,78.17,71,3,16.58
433,Ngunguru,NZ,2021-10-31 00:21:04,-35.6167,174.5,65.16,65,100,4.12
434,Atambua,ID,2021-10-31 00:17:22,-9.1061,124.8925,82.8,63,50,1.12
435,Deep River,CA,2021-10-31 00:22:07,46.1001,-77.4995,47.95,96,100,4.27
436,Ulladulla,AU,2021-10-31 00:22:07,-35.35,150.4667,68.88,50,4,6.76
437,Lewisburg,US,2021-10-31 00:22:07,35.4492,-86.7889,54.09,93,90,6.91
438,Carutapera,BR,2021-10-31 00:22:08,-1.195,-46.02,77.74,85,40,5.7
439,Ankpa,NG,2021-10-31 00:20:35,7.3706,7.6253,74.03,86,100,3.51
440,Novo Aripuana,BR,2021-10-31 00:22:08,-5.1206,-60.3797,77.9,79,80,0.83
441,Mayya,RU,2021-10-31 00:22:08,61.7333,130.2811,-8.28,95,42,4.12
442,Zyryanka,RU,2021-10-31 00:22:09,65.75,150.85,1.81,87,100,4.03
443,Outjo,NA,2021-10-31 00:22:09,-20.1167,16.15,68.14,22,0,9.19
444,Shimoda,JP,2021-10-31 00:21:50,34.6667,138.95,62.71,81,100,10.67
445,Volovo,UA,2021-10-31 00:22:09,48.5246,23.5056,42.1,63,1,3.4
446,Vanimo,PG,2021-10-31 00:21:16,-2.6741,141.3028,84.85,71,97,4.45
447,Nieuw Amsterdam,SR,2021-10-31 00:22:10,5.8833,-55.0833,80.62,88,0,4.61
448,Chernyshevskiy,RU,2021-10-31 00:22:10,63.0128,112.4714,30.6,93,100,11.41
449,Makokou,GA,2021-10-31 00:22:10,0.5738,12.8642,67.59,99,100,2.19
450,Sambava,MG,2021-10-31 00:22:11,-14.2667,50.1667,74.08,86,89,7.2
451,Kribi,CM,2021-10-31 00:22:11,2.95,9.9167,77.68,89,100,4.92
452,Bamiantong,CN,2021-10-31 00:22:11,44.9333,130.5333,42.15,57,100,4.05
453,Fort Nelson,CA,2021-10-31 00:22:12,58.8053,-122.7002,36.99,48,20,2.3
454,Lamu,KE,2021-10-31 00:22:12,-2.2717,40.902,79.02,82,14,8.37
455,Barra Do Corda,BR,2021-10-31 00:22:12,-5.5,-45.25,78.22,69,63,2.62
456,Puerto Escondido,MX,2021-10-31 00:21:22,15.85,-97.0667,77.83,61,90,4.61
457,Pong,TH,2021-10-31 00:22:13,19.1493,100.2752,74.19,99,56,0.72
458,Sorong,ID,2021-10-31 00:22:13,-0.8833,131.25,81.63,77,44,4.34
459,Biak,ID,2021-10-31 00:21:05,-0.9131,122.8766,80.1,74,100,0.85
460,Kavaratti,IN,2021-10-31 00:20:59,10.5669,72.642,81.68,73,84,3.53
461,Hundested,DK,2021-10-31 00:22:08,55.9667,11.8667,52.86,88,100,16.51
462,Yinchuan,CN,2021-10-31 00:21:58,38.4681,106.2731,41.11,48,0,7.02
463,San Jose,US,2021-10-31 00:21:16,37.3394,-121.895,66.11,75,75,1.99
464,Deputatskiy,RU,2021-10-31 00:21:36,69.3,139.9,-7.13,98,98,4.85
465,Barabai,ID,2021-10-31 00:22:14,-2.5833,115.3833,79.38,80,96,1.03
466,Tongliao,CN,2021-10-31 00:22:14,43.6125,122.2653,36.41,66,83,13.78
467,Tondano,ID,2021-10-31 00:22:15,1.3038,124.9112,68.09,92,98,2.68
468,Muzhi,RU,2021-10-31 00:22:15,65.3667,64.6667,-0.38,95,33,4.0
469,Husavik,IS,2021-10-31 00:22:15,66.0449,-17.3389,37.31,92,100,19.6
470,Oistins,BB,2021-10-31 00:22:15,13.0667,-59.5333,80.69,74,40,17.27
471,Ozinki,RU,2021-10-31 00:22:16,51.1786,49.6769,40.57,90,6,9.44
472,Santa Ana Arriba,DO,2021-10-31 00:22:16,19.3,-70.35,79.29,78,13,3.56
473,Makakilo City,US,2021-10-31 00:20:50,21.3469,-158.0858,83.61,61,90,8.05
474,General Jose Eduvigis Diaz,PY,2021-10-31 00:22:17,-27.1667,-58.4167,79.05,66,22,7.18
475,Sungaipenuh,ID,2021-10-31 00:22:17,-2.0833,101.3833,67.08,95,100,1.36
476,Islamkot,PK,2021-10-31 00:22:17,24.6997,70.177,74.68,28,34,5.77
477,Altamont,US,2021-10-31 00:22:03,42.2068,-121.7372,56.77,78,1,4.0
478,Tumut,AU,2021-10-31 00:22:18,-35.3,148.2167,61.79,47,0,5.14
479,Aras,ES,2021-10-31 00:22:18,42.5617,-2.356,56.98,100,90,1.14
480,Olafsvik,IS,2021-10-31 00:21:08,64.8945,-23.7142,41.74,80,72,22.91
481,Caravelas,BR,2021-10-31 00:21:00,-17.7125,-39.2481,72.95,89,97,6.73
482,Timra,SE,2021-10-31 00:22:18,62.487,17.3257,39.67,100,90,5.75
483,Yeppoon,AU,2021-10-31 00:22:19,-23.1333,150.7333,83.98,63,25,8.3
484,Kindu,CD,2021-10-31 00:22:02,-2.95,25.95,69.39,99,95,1.88
485,Petropavlovsk-Kamchatskiy,RU,2021-10-31 00:22:19,53.0452,158.6483,37.99,65,75,2.24
486,Voloshka,RU,2021-10-31 00:22:20,61.3314,40.0858,40.55,95,95,6.64
487,Arman,RU,2021-10-31 00:22:20,59.7,150.1667,21.04,46,100,13.65
488,Mopti,ML,2021-10-31 00:22:20,14.6667,-4.0,82.44,83,20,0.0
489,Xining,CN,2021-10-31 00:21:29,36.6167,101.7667,33.26,74,84,1.36
490,Fez,MA,2021-10-31 00:22:21,34.0372,-4.9998,61.05,51,0,6.91
491,Beira,MZ,2021-10-31 00:22:21,-19.8436,34.8389,69.89,83,40,4.61
492,Hojai,IN,2021-10-31 00:22:21,26.0,92.8667,65.84,94,13,1.3
493,Camacha,PT,2021-10-31 00:21:24,33.0833,-16.3333,69.22,83,40,12.66
494,Qingdao,CN,2021-10-31 00:22:22,36.0986,120.3719,55.0,88,36,0.0
495,Kieta,PG,2021-10-31 00:21:08,-6.2167,155.6333,81.45,78,98,2.89
496,Nouakchott,MR,2021-10-31 00:22:22,18.0858,-15.9785,78.73,63,99,13.98
497,Cay,TR,2021-10-31 00:22:23,38.5917,31.0286,49.3,74,71,3.2
498,Chapais,CA,2021-10-31 00:21:29,49.7834,-74.8492,46.18,71,96,7.2
499,Pahalgam,IN,2021-10-31 00:22:23,34.0333,75.3333,33.12,59,0,11.18
500,Oranjestad,AW,2021-10-31 00:21:42,12.524,-70.027,82.35,78,20,11.5
501,Zima,RU,2021-10-31 00:22:23,53.9202,102.0442,28.15,89,55,1.01
502,Shimanovsk,RU,2021-10-31 00:22:24,52.0,127.7,26.98,40,1,2.8
503,Putina,PE,2021-10-31 00:22:24,-15.4667,-69.4333,48.7,67,68,10.38
504,Port-Cartier,CA,2021-10-31 00:19:40,50.0334,-66.8654,38.75,75,31,5.7
505,Suluq,LY,2021-10-31 00:22:24,31.6682,20.2521,68.72,69,79,14.65
506,Nyurba,RU,2021-10-31 00:22:25,63.2842,118.3319,25.75,95,100,8.66
507,Baherden,TM,2021-10-31 00:22:25,38.4362,57.4316,53.96,44,84,3.42
508,Kijang,KR,2021-10-31 00:22:26,35.2442,129.2139,55.13,51,0,4.05
509,Duku,NG,2021-10-31 00:22:26,11.2361,4.9073,77.27,28,100,3.13
510,Baruun-Urt,MN,2021-10-31 00:22:26,46.6806,113.2792,22.91,33,13,3.78
511,Fairbanks,US,2021-10-31 00:18:44,64.8378,-147.7164,43.14,56,1,10.36
512,Poum,NC,2021-10-31 00:22:27,-20.2333,164.0167,76.23,70,11,6.71
513,Keffi,NG,2021-10-31 00:22:27,8.8486,7.8736,74.44,81,100,2.01
514,Mayo,US,2021-10-31 00:22:27,38.8876,-76.5119,60.78,89,90,0.0
515,Terre Haute,US,2021-10-31 00:18:42,39.4667,-87.4139,54.93,92,90,6.91
516,Port-Gentil,GA,2021-10-31 00:22:28,-0.7193,8.7815,75.87,93,100,5.77
517,Nanortalik,GL,2021-10-31 00:21:16,60.1432,-45.2371,34.92,71,73,2.35
518,Novikovo,RU,2021-10-31 00:22:28,51.1537,37.8879,41.16,83,0,3.83
519,Santa Rosa,PH,2021-10-31 00:22:28,14.3122,121.1114,87.1,64,44,13.47
520,Gat,IL,2021-10-31 00:20:58,31.61,34.7642,72.39,64,67,3.51
521,Severnyy,RU,2021-10-31 00:22:29,50.677,36.5532,37.44,93,0,2.24
522,General Roca,AR,2021-10-31 00:22:29,-39.0333,-67.5833,63.64,23,100,18.07
523,Tarakan,ID,2021-10-31 00:22:29,3.3,117.6333,81.9,83,20,5.75
524,Sabang,ID,2021-10-31 00:22:19,5.8933,95.3214,81.28,78,100,18.32
525,Anadyr,RU,2021-10-31 00:20:13,64.75,177.4833,7.3,84,90,21.99
526,Mezica,SI,2021-10-31 00:22:30,46.5214,14.8544,38.26,92,43,3.69
527,Sitka,US,2021-10-31 00:20:08,57.0531,-135.33,48.09,61,90,10.36
528,Kahului,US,2021-10-31 00:16:49,20.8947,-156.47,85.26,64,1,12.66
529,Bereda,ES,2021-10-31 00:22:30,43.2686,-7.5406,62.01,91,98,7.18
530,Palmer,US,2021-10-31 00:21:48,42.1584,-72.3287,59.14,87,90,6.91
531,Presque Isle,US,2021-10-31 00:18:24,46.6811,-68.0159,42.19,87,1,3.44
532,Teya,RU,2021-10-31 00:22:31,60.3778,92.6267,18.25,85,100,12.24
533,Pochutla,MX,2021-10-31 00:22:31,15.7432,-96.4661,76.05,85,47,2.84
534,Santarem,BR,2021-10-31 00:22:32,-2.4431,-54.7083,80.73,89,40,0.0
535,Labuhan,ID,2021-10-31 00:22:32,-6.8844,112.2051,82.49,76,86,4.68
536,Ondjiva,AO,2021-10-31 00:22:32,-17.0667,15.7333,78.57,20,83,6.06
537,Egvekinot,RU,2021-10-31 00:22:14,66.3167,-179.1667,3.42,91,100,10.13
538,Kabare,CD,2021-10-31 00:22:33,-2.4683,28.8242,60.98,92,92,2.71
539,Sola,VU,2021-10-31 00:22:33,-13.8833,167.55,86.67,74,75,8.05
540,Svetlogorsk,BY,2021-10-31 00:21:52,52.6333,29.7333,42.12,83,22,10.16
541,Toba,JP,2021-10-31 00:22:33,34.4833,136.85,60.8,73,80,4.81
542,Norrtalje,SE,2021-10-31 00:22:34,59.758,18.705,47.01,95,100,5.06
543,Chulman,RU,2021-10-31 00:22:34,56.8479,124.9104,6.28,87,67,2.24
544,Redmond,US,2021-10-31 00:20:54,47.674,-122.1215,54.99,63,0,1.01
545,Todos Santos,MX,2021-10-31 00:22:34,23.45,-110.2167,84.11,79,20,8.52
546,Jinotega,NI,2021-10-31 00:22:35,13.0917,-86.0018,65.8,94,66,2.98
547,Sembe,CG,2021-10-31 00:22:35,1.6481,14.5806,70.38,98,61,1.68
548,Inverell,AU,2021-10-31 00:22:35,-29.7833,151.1167,74.1,49,10,5.01
549,Moron,AR,2021-10-31 00:20:49,-34.6534,-58.6198,79.0,66,0,7.9
550,Pangnirtung,CA,2021-10-31 00:20:43,66.1451,-65.7125,32.52,99,100,9.19
551,Half Moon Bay,US,2021-10-31 00:22:36,37.4636,-122.4286,65.59,79,40,1.01
552,Adrar,MR,2021-10-31 00:21:06,20.5022,-10.0711,78.46,40,100,6.67
553,Wanaka,NZ,2021-10-31 00:22:37,-44.7,169.15,57.11,54,91,8.99
554,Burias,PH,2021-10-31 00:22:37,11.4463,122.5497,80.71,79,66,9.19
555,Naantali,FI,2021-10-31 00:22:37,60.4674,22.0243,49.06,87,90,5.75
556,Peterhead,GB,2021-10-31 00:22:38,57.5058,-1.7981,44.11,78,11,11.83
557,Paamiut,GL,2021-10-31 00:21:00,61.994,-49.6678,31.68,81,88,12.93
558,Carrickfergus,GB,2021-10-31 00:22:38,54.7158,-5.8058,47.16,96,75,2.3
559,Gudari,IN,2021-10-31 00:22:39,19.35,83.7833,71.55,96,95,1.95
560,Saint-Joseph,RE,2021-10-31 00:22:39,-21.3667,55.6167,68.38,80,50,2.73
561,Broken Hill,AU,2021-10-31 00:22:39,-31.95,141.4333,62.44,24,98,11.63
562,Byron Bay,AU,2021-10-31 00:22:40,-28.65,153.6167,65.88,80,99,19.13
563,Qax,AZ,2021-10-31 00:22:40,41.4225,46.9242,46.89,88,81,1.88
564,Bolgatanga,GH,2021-10-31 00:22:41,10.7856,-0.8514,82.54,45,80,4.41
565,Komsomolskiy,UZ,2021-10-31 00:20:35,40.4272,71.7189,42.22,70,100,4.61
566,Pascagoula,US,2021-10-31 00:22:41,30.3658,-88.5561,59.05,82,90,3.44
567,Nemuro,JP,2021-10-31 00:22:22,43.3236,145.575,54.03,74,73,9.31
568,Tiruchchendur,IN,2021-10-31 00:22:41,8.4833,78.1167,79.72,83,100,9.26
569,Severomuysk,RU,2021-10-31 00:22:42,56.1481,113.4267,13.42,72,100,2.73
570,Howard Springs,AU,2021-10-31 00:22:42,-12.497,131.047,90.99,71,59,3.71
571,Sucua,EC,2021-10-31 00:22:42,-2.4667,-78.1667,68.49,98,30,2.66
572,Temryuk,RU,2021-10-31 00:22:43,45.2722,37.3811,44.82,79,0,15.9
573,Nsanje,MW,2021-10-31 00:22:43,-16.92,35.262,70.25,64,0,4.7
574,Casma,CL,2021-10-31 00:22:43,-41.0082,-73.1244,58.28,68,1,4.97
575,Bandarbeyla,SO,2021-10-31 00:20:45,9.4942,50.8122,78.84,78,67,9.89
576,Valdivia,CL,2021-10-31 00:22:44,-39.8142,-73.2459,60.89,64,54,4.29
577,Nacala,MZ,2021-10-31 00:22:44,-14.5428,40.6728,74.37,81,27,6.96
578,Broome,US,2021-10-31 00:21:25,42.2506,-75.833,54.01,77,20,1.01
579,Turukhansk,RU,2021-10-31 00:20:53,65.8167,87.9833,12.63,96,99,6.67
